[{
  "_id": {
    "$oid": "64bc929d31da47014937e257"
  },
  "userId": 0,
  "bookId": 0,
  "borrowDate": {
    "$date": "2023-07-23T02:38:21.262Z"
  },
  "dueDate": {
    "$date": "2023-08-05T00:00:00.000Z"
  },
  "__v": 0,
  "returnDate": {
    "$date": "2023-07-23T20:59:11.488Z"
  }
},
{
  "_id": {
    "$oid": "64bc935493392917789cd62f"
  },
  "userId": 0,
  "bookId": 1,
  "borrowDate": {
    "$date": "2023-07-23T02:41:24.234Z"
  },
  "dueDate": {
    "$date": "2023-08-05T00:00:00.000Z"
  },
  "__v": 0,
  "returnDate": {
    "$date": "2023-07-23T09:58:54.275Z"
  }
},
{
  "_id": {
    "$oid": "64bc93a093392917789cd631"
  },
  "userId": 0,
  "bookId": 0,
  "borrowDate": {
    "$date": "2023-07-23T02:42:40.489Z"
  },
  "dueDate": {
    "$date": "2023-07-30T02:42:40.489Z"
  },
  "__v": 0
},
{
  "_id": {
    "$oid": "64bc93eb93392917789cd634"
  },
  "userId": 0,
  "bookId": 1,
  "borrowDate": {
    "$date": "2023-07-23T02:43:55.316Z"
  },
  "dueDate": {
    "$date": "2023-07-30T02:43:55.316Z"
  },
  "__v": 0
},
{
  "_id": {
    "$oid": "64bcaf6093392917789cd638"
  },
  "userId": 0,
  "bookId": 0,
  "borrowDate": {
    "$date": "2023-07-23T04:41:04.692Z"
  },
  "dueDate": {
    "$date": "2023-07-30T04:41:04.692Z"
  },
  "__v": 0
},
{
  "_id": {
    "$oid": "64bcb01f66a04d04019586af"
  },
  "userId": 0,
  "bookId": 0,
  "borrowDate": {
    "$date": "2023-07-23T04:44:15.307Z"
  },
  "dueDate": {
    "$date": "2023-07-30T04:44:15.307Z"
  },
  "__v": 0
},
{
  "_id": {
    "$oid": "64bcb3e38903655554253d9a"
  },
  "userId": 0,
  "bookId": 1,
  "borrowDate": {
    "$date": "2023-07-23T05:00:19.157Z"
  },
  "dueDate": {
    "$date": "2023-07-30T05:00:19.157Z"
  },
  "__v": 0
},
{
  "_id": {
    "$oid": "64bcb3ee8903655554253d9c"
  },
  "userId": 1,
  "bookId": 2,
  "borrowDate": {
    "$date": "2023-07-23T05:00:30.386Z"
  },
  "dueDate": {
    "$date": "2023-07-30T05:00:30.386Z"
  },
  "__v": 0,
  "returnDate": {
    "$date": "2023-07-23T22:57:32.067Z"
  }
},
{
  "_id": {
    "$oid": "64bcb7ab3a4569feccc3194e"
  },
  "userId": 0,
  "bookId": 3,
  "borrowDate": {
    "$date": "2023-07-23T05:16:27.051Z"
  },
  "dueDate": {
    "$date": "2023-07-30T05:16:27.051Z"
  },
  "__v": 0
},
{
  "_id": {
    "$oid": "64bcb7e93a4569feccc31950"
  },
  "userId": 0,
  "bookId": 3,
  "borrowDate": {
    "$date": "2023-07-23T05:17:29.879Z"
  },
  "dueDate": {
    "$date": "2023-07-30T05:17:29.879Z"
  },
  "__v": 0
},
{
  "_id": {
    "$oid": "64bcb7ea3a4569feccc31952"
  },
  "userId": 0,
  "bookId": 3,
  "borrowDate": {
    "$date": "2023-07-23T05:17:30.653Z"
  },
  "dueDate": {
    "$date": "2023-07-30T05:17:30.653Z"
  },
  "__v": 0
},
{
  "_id": {
    "$oid": "64bcb7f93a4569feccc31955"
  },
  "userId": 0,
  "bookId": 3,
  "borrowDate": {
    "$date": "2023-07-23T05:17:45.307Z"
  },
  "dueDate": {
    "$date": "2023-07-30T05:17:45.307Z"
  },
  "__v": 0
},
{
  "_id": {
    "$oid": "64bcb8c73a4569feccc31957"
  },
  "userId": 0,
  "bookId": 1,
  "borrowDate": {
    "$date": "2023-07-23T05:21:11.320Z"
  },
  "dueDate": {
    "$date": "2023-07-30T05:21:11.320Z"
  },
  "__v": 0
},
{
  "_id": {
    "$oid": "64bcb8cc3a4569feccc31959"
  },
  "userId": 0,
  "bookId": 1,
  "borrowDate": {
    "$date": "2023-07-23T05:21:16.185Z"
  },
  "dueDate": {
    "$date": "2023-07-30T05:21:16.185Z"
  },
  "__v": 0
},
{
  "_id": {
    "$oid": "64bcb8cc3a4569feccc3195b"
  },
  "userId": 0,
  "bookId": 1,
  "borrowDate": {
    "$date": "2023-07-23T05:21:16.916Z"
  },
  "dueDate": {
    "$date": "2023-07-30T05:21:16.916Z"
  },
  "__v": 0
},
{
  "_id": {
    "$oid": "64bcb8ce3a4569feccc3195d"
  },
  "userId": 0,
  "bookId": 1,
  "borrowDate": {
    "$date": "2023-07-23T05:21:18.568Z"
  },
  "dueDate": {
    "$date": "2023-07-30T05:21:18.568Z"
  },
  "__v": 0
},
{
  "_id": {
    "$oid": "64bcb9b1b50b4342cc2942bd"
  },
  "userId": 0,
  "bookId": 0,
  "borrowDate": {
    "$date": "2023-07-23T05:25:05.599Z"
  },
  "dueDate": {
    "$date": "2023-07-30T05:25:05.599Z"
  },
  "__v": 0
},
{
  "_id": {
    "$oid": "64bcba64daa7032603e9178a"
  },
  "userId": 0,
  "bookId": 0,
  "borrowDate": {
    "$date": "2023-07-23T05:28:04.304Z"
  },
  "dueDate": {
    "$date": "2023-07-30T05:28:04.304Z"
  },
  "__v": 0
},
{
  "_id": {
    "$oid": "64bcbae1c467314d84263295"
  },
  "userId": 1,
  "bookId": 1,
  "borrowDate": {
    "$date": "2023-07-23T05:30:09.064Z"
  },
  "dueDate": {
    "$date": "2023-08-05T00:00:00.000Z"
  },
  "__v": 0
},
{
  "_id": {
    "$oid": "64bcbb0ac467314d84263298"
  },
  "userId": 1,
  "bookId": 1,
  "borrowDate": {
    "$date": "2023-07-23T05:30:50.003Z"
  },
  "dueDate": {
    "$date": "2023-07-29T00:00:00.000Z"
  },
  "__v": 0
},
{
  "_id": {
    "$oid": "64bcbd880c60e7dad77d4890"
  },
  "userId": 0,
  "bookId": 0,
  "borrowDate": {
    "$date": "2023-07-23T05:41:28.681Z"
  },
  "dueDate": {
    "$date": "2023-07-30T05:41:28.681Z"
  },
  "__v": 0
},
{
  "_id": {
    "$oid": "64bcbeb6092cc299a77c19a3"
  },
  "userId": 0,
  "bookId": 1,
  "borrowDate": {
    "$date": "2023-07-23T05:46:30.110Z"
  },
  "dueDate": {
    "$date": "2023-07-30T05:46:30.110Z"
  },
  "__v": 0
},
{
  "_id": {
    "$oid": "64bcc1887f15adbbb82456fb"
  },
  "userId": 0,
  "bookId": 1,
  "borrowDate": {
    "$date": "2023-07-23T05:58:32.149Z"
  },
  "dueDate": {
    "$date": "2023-07-30T05:58:32.149Z"
  },
  "__v": 0
},
{
  "_id": {
    "$oid": "64bcc21d7f15adbbb82456fe"
  },
  "userId": 3,
  "bookId": 2,
  "borrowDate": {
    "$date": "2023-07-23T06:01:01.144Z"
  },
  "dueDate": {
    "$date": "2023-07-30T06:01:01.144Z"
  },
  "__v": 0,
  "returnDate": {
    "$date": "2023-07-27T05:12:27.353Z"
  }
},
{
  "_id": {
    "$oid": "64bcc29e7f15adbbb8245704"
  },
  "userId": 3,
  "bookId": 5,
  "borrowDate": {
    "$date": "2023-07-23T06:03:10.974Z"
  },
  "dueDate": {
    "$date": "2023-07-30T06:03:10.974Z"
  },
  "__v": 0,
  "returnDate": {
    "$date": "2023-07-23T06:03:14.021Z"
  }
},
{
  "_id": {
    "$oid": "64bcc3f81c6c02189ddd11fa"
  },
  "userId": 0,
  "bookId": 6,
  "borrowDate": {
    "$date": "2023-07-23T06:08:56.785Z"
  },
  "dueDate": {
    "$date": "2023-07-30T06:08:56.785Z"
  },
  "__v": 0,
  "returnDate": {
    "$date": "2023-07-23T06:09:58.361Z"
  }
},
{
  "_id": {
    "$oid": "64bcc42f1c6c02189ddd11fd"
  },
  "userId": 4,
  "bookId": 6,
  "borrowDate": {
    "$date": "2023-07-23T06:09:51.110Z"
  },
  "dueDate": {
    "$date": "2023-07-30T06:09:51.110Z"
  },
  "__v": 0
},
{
  "_id": {
    "$oid": "64bcdd9a9c6f92095a0b3e25"
  },
  "userId": 9,
  "bookId": 5,
  "borrowDate": {
    "$date": "2023-07-23T07:58:18.106Z"
  },
  "dueDate": {
    "$date": "2023-07-30T07:58:18.106Z"
  },
  "__v": 0
},
{
  "_id": {
    "$oid": "64bcdd9f9c6f92095a0b3e27"
  },
  "userId": 9,
  "bookId": 7,
  "borrowDate": {
    "$date": "2023-07-23T07:58:23.943Z"
  },
  "dueDate": {
    "$date": "2023-07-30T07:58:23.943Z"
  },
  "__v": 0,
  "returnDate": {
    "$date": "2023-07-23T20:48:57.079Z"
  }
},
{
  "_id": {
    "$oid": "64bcddab9c6f92095a0b3e29"
  },
  "userId": 9,
  "bookId": 7,
  "borrowDate": {
    "$date": "2023-07-23T07:58:35.737Z"
  },
  "dueDate": {
    "$date": "2023-07-30T07:58:35.737Z"
  },
  "__v": 0,
  "returnDate": {
    "$date": "2023-07-23T20:59:22.664Z"
  }
},
{
  "_id": {
    "$oid": "64bcddac9c6f92095a0b3e2b"
  },
  "userId": 9,
  "bookId": 7,
  "borrowDate": {
    "$date": "2023-07-23T07:58:36.263Z"
  },
  "dueDate": {
    "$date": "2023-07-30T07:58:36.263Z"
  },
  "__v": 0
},
{
  "_id": {
    "$oid": "64bcde379c6f92095a0b3e2d"
  },
  "userId": 9,
  "bookId": 2,
  "borrowDate": {
    "$date": "2023-07-23T08:00:55.836Z"
  },
  "dueDate": {
    "$date": "2023-07-30T08:00:55.836Z"
  },
  "__v": 0
},
{
  "_id": {
    "$oid": "64bcdf199c6f92095a0b3e30"
  },
  "userId": 9,
  "bookId": 1,
  "borrowDate": {
    "$date": "2023-07-23T08:04:41.603Z"
  },
  "dueDate": {
    "$date": "2023-07-30T08:04:41.603Z"
  },
  "__v": 0
},
{
  "_id": {
    "$oid": "64bce0059c6f92095a0b3e34"
  },
  "userId": 9,
  "bookId": 3,
  "borrowDate": {
    "$date": "2023-07-23T08:08:37.682Z"
  },
  "dueDate": {
    "$date": "2023-07-30T08:08:37.682Z"
  },
  "__v": 0
},
{
  "_id": {
    "$oid": "64bce0659c6f92095a0b3e36"
  },
  "userId": 9,
  "bookId": 1,
  "borrowDate": {
    "$date": "2023-07-23T08:10:13.931Z"
  },
  "dueDate": {
    "$date": "2023-07-30T08:10:13.931Z"
  },
  "__v": 0
},
{
  "_id": {
    "$oid": "64bce0c39c6f92095a0b3e3a"
  },
  "userId": 9,
  "bookId": 4,
  "borrowDate": {
    "$date": "2023-07-23T08:11:47.085Z"
  },
  "dueDate": {
    "$date": "2023-07-30T08:11:47.085Z"
  },
  "__v": 0,
  "returnDate": {
    "$date": "2023-07-23T08:36:50.412Z"
  }
},
{
  "_id": {
    "$oid": "64bce1789c6f92095a0b3e3c"
  },
  "userId": 9,
  "bookId": 1,
  "borrowDate": {
    "$date": "2023-07-23T08:14:48.799Z"
  },
  "dueDate": {
    "$date": "2023-07-30T08:14:48.799Z"
  },
  "__v": 0
},
{
  "_id": {
    "$oid": "64bce1f48fd1a82776698f50"
  },
  "userId": 9,
  "bookId": 1,
  "borrowDate": {
    "$date": "2023-07-23T08:16:52.749Z"
  },
  "dueDate": {
    "$date": "2023-07-30T08:16:52.749Z"
  },
  "__v": 0
},
{
  "_id": {
    "$oid": "64bce27b8fd1a82776698f58"
  },
  "userId": 9,
  "bookId": 11,
  "borrowDate": {
    "$date": "2023-07-23T08:19:07.740Z"
  },
  "dueDate": {
    "$date": "2023-07-30T08:19:07.740Z"
  },
  "__v": 0
},
{
  "_id": {
    "$oid": "64bce3458fd1a82776698f5e"
  },
  "userId": 9,
  "bookId": 7,
  "borrowDate": {
    "$date": "2023-07-23T08:22:29.276Z"
  },
  "dueDate": {
    "$date": "2023-07-30T08:22:29.276Z"
  },
  "__v": 0
},
{
  "_id": {
    "$oid": "64bce527b251979980902fec"
  },
  "userId": 9,
  "bookId": 2,
  "borrowDate": {
    "$date": "2023-07-23T08:30:31.486Z"
  },
  "dueDate": {
    "$date": "2023-07-30T08:30:31.486Z"
  },
  "__v": 0
},
{
  "_id": {
    "$oid": "64bce5a0b251979980902ff9"
  },
  "userId": 0,
  "bookId": 3,
  "borrowDate": {
    "$date": "2023-07-23T08:32:32.795Z"
  },
  "dueDate": {
    "$date": "2023-07-30T08:32:32.795Z"
  },
  "__v": 0
},
{
  "_id": {
    "$oid": "64bce5b6b251979980902fff"
  },
  "userId": 9,
  "bookId": 16,
  "borrowDate": {
    "$date": "2023-07-23T08:32:54.572Z"
  },
  "dueDate": {
    "$date": "2023-07-30T08:32:54.572Z"
  },
  "__v": 0,
  "returnDate": {
    "$date": "2023-07-23T21:00:20.903Z"
  }
},
{
  "_id": {
    "$oid": "64bce805b251979980903018"
  },
  "userId": 0,
  "bookId": 1,
  "borrowDate": {
    "$date": "2023-07-23T08:42:45.908Z"
  },
  "dueDate": {
    "$date": "2023-07-30T08:42:45.908Z"
  },
  "__v": 0
},
{
  "_id": {
    "$oid": "64bce97ec83ec49f269f6f01"
  },
  "userId": 9,
  "bookId": 15,
  "borrowDate": {
    "$date": "2023-07-23T08:49:02.793Z"
  },
  "dueDate": {
    "$date": "2023-07-30T08:49:02.793Z"
  },
  "__v": 0
},
{
  "_id": {
    "$oid": "64bce9dcc83ec49f269f6f09"
  },
  "userId": 9,
  "bookId": 12,
  "borrowDate": {
    "$date": "2023-07-23T08:50:36.287Z"
  },
  "dueDate": {
    "$date": "2023-07-30T08:50:36.287Z"
  },
  "__v": 0
},
{
  "_id": {
    "$oid": "64bd910fded7cf73e9db8eab"
  },
  "userId": 9,
  "bookId": 3000,
  "borrowDate": {
    "$date": "2023-07-23T20:43:59.669Z"
  },
  "dueDate": {
    "$date": "2023-08-03T00:00:00.000Z"
  },
  "__v": 0,
  "returnDate": {
    "$date": "2023-07-23T20:44:12.675Z"
  }
},
{
  "_id": {
    "$oid": "64bdafec4e3d26a404e04eba"
  },
  "userId": 4,
  "bookId": 2344,
  "borrowDate": {
    "$date": "2023-07-23T22:55:40.435Z"
  },
  "dueDate": {
    "$date": "2023-08-05T00:00:00.000Z"
  },
  "__v": 0,
  "returnDate": {
    "$date": "2023-07-23T22:55:49.511Z"
  }
},
{
  "_id": {
    "$oid": "64beb164c81c16167d135fab"
  },
  "userId": 9,
  "bookId": 9,
  "borrowDate": {
    "$date": "2023-07-24T17:14:12.620Z"
  },
  "dueDate": {
    "$date": "2023-07-31T17:14:12.620Z"
  },
  "__v": 0,
  "returnDate": {
    "$date": "2023-07-24T17:14:29.044Z"
  }
},
{
  "_id": {
    "$oid": "64c001d5fe8be887a99fb4d3"
  },
  "userId": 9,
  "bookId": 3000,
  "borrowDate": {
    "$date": "2023-07-25T17:09:41.051Z"
  },
  "dueDate": {
    "$date": "2023-08-01T17:09:41.051Z"
  },
  "__v": 0,
  "returnDate": {
    "$date": "2023-07-27T17:26:57.096Z"
  }
},
{
  "_id": {
    "$oid": "64c001e6fe8be887a99fb4d8"
  },
  "userId": 11,
  "bookId": 3000,
  "borrowDate": {
    "$date": "2023-07-25T17:09:58.428Z"
  },
  "dueDate": {
    "$date": "2023-08-01T17:09:58.428Z"
  },
  "__v": 0
},
{
  "_id": {
    "$oid": "64c1bb67364bdff03d704f31"
  },
  "userId": 3,
  "bookId": 1,
  "borrowDate": {
    "$date": "2023-07-27T00:33:43.001Z"
  },
  "dueDate": {
    "$date": "2023-08-03T00:33:43.001Z"
  },
  "__v": 0
},
{
  "_id": {
    "$oid": "64c1bd5101cd922f9c8c2176"
  },
  "userId": 8,
  "bookId": 8,
  "borrowDate": {
    "$date": "2023-07-27T00:41:53.838Z"
  },
  "dueDate": {
    "$date": "2023-08-03T00:41:53.838Z"
  },
  "__v": 0,
  "returnDate": {
    "$date": "2023-07-27T00:42:05.967Z"
  }
},
{
  "_id": {
    "$oid": "64c2070bcf2d09628c3bba17"
  },
  "userId": 8,
  "bookId": 19,
  "borrowDate": {
    "$date": "2023-07-27T05:56:27.955Z"
  },
  "dueDate": {
    "$date": "2023-08-03T05:56:27.955Z"
  },
  "__v": 0
},
{
  "_id": {
    "$oid": "64c20720cf2d09628c3bba1c"
  },
  "userId": 8,
  "bookId": 24,
  "borrowDate": {
    "$date": "2023-07-27T05:56:48.027Z"
  },
  "dueDate": {
    "$date": "2023-08-03T05:56:48.027Z"
  },
  "__v": 0,
  "returnDate": {
    "$date": "2023-07-27T05:56:55.052Z"
  }
},
{
  "_id": {
    "$oid": "64c20720cf2d09628c3bba20"
  },
  "userId": 8,
  "bookId": 24,
  "borrowDate": {
    "$date": "2023-07-27T05:56:48.901Z"
  },
  "dueDate": {
    "$date": "2023-08-03T05:56:48.901Z"
  },
  "__v": 0
},
{
  "_id": {
    "$oid": "64c2a03267b7c780b612e99e"
  },
  "userId": 9,
  "bookId": 3000,
  "borrowDate": {
    "$date": "2023-07-27T16:49:54.506Z"
  },
  "dueDate": {
    "$date": "2023-08-03T16:49:54.506Z"
  },
  "__v": 0
},
{
  "_id": {
    "$oid": "64c2a8d6e0f29013cddcab80"
  },
  "userId": 9,
  "bookId": 3000,
  "borrowDate": {
    "$date": "2023-07-27T17:26:46.283Z"
  },
  "dueDate": {
    "$date": "2023-08-03T17:26:46.283Z"
  },
  "__v": 0
}]