[{
  "_id": 18,
  "title": "Seamless demand-driven strategy",
  "description": "Trial safe pull act. Blood deal loss after have natural.\nGuy before rule war. Glass while TV attorney prove building situation year.",
  "price": 48,
  "author": "Steven Shelton",
  "publisher": "Drake-Howard",
  "copies": [
    "18_0",
    "18_1",
    "NaN_2"
  ],
  "__v": 1
},
{
  "_id": 5,
  "title": "Monitored exuding superstructure",
  "description": "Politics sort meeting nor. Wife police animal throw respond.\nYou official trade. Next type simple action his any.\nReach indicate power through. His wife including. Hit offer may human we.",
  "price": 75,
  "author": "Jeffrey Harrison",
  "publisher": "Kelly-Donaldson",
  "copies": [
    "5_0",
    "5_1",
    "5_2",
    "5_3",
    "NaN_4",
    "NaN_5"
  ],
  "__v": 2
},
{
  "_id": 19,
  "title": "Triple-buffered zero tolerance hub",
  "description": "Or PM talk material keep.\nHusband by structure stock world both. Still modern prove company officer level.",
  "price": 23,
  "author": "Alexis Ross",
  "publisher": "Sanders and Sons",
  "copies": [
    "19_0",
    "19_1",
    "19_2",
    "19_3",
    "19_4"
  ]
},
{
  "_id": 24,
  "title": "Inverse transitional contingency",
  "description": "Power more red ever when. Shoulder knowledge end drug any policy inside.\nPainting live hand apply. Because garden story bit individual.",
  "price": 15,
  "author": "Eric Price",
  "publisher": "Morrison and Sons",
  "copies": [
    "24_0",
    "24_1",
    "24_2"
  ]
},
{
  "_id": 26,
  "title": "Ameliorated eco-centric open system",
  "description": "Woman require ever lay right. Live there artist wife sea green. System few dream late interview old pass.\nPart right maybe four. When door must central knowledge start television.",
  "price": 37,
  "author": "Steven Allison",
  "publisher": "Wilson-Patterson",
  "copies": [
    "26_0",
    "26_1"
  ]
},
{
  "_id": 6,
  "title": "Multi-lateral neutral matrix",
  "description": "Show help hope service. Yard tree majority especially either you baby.\nTv during door president wind difficult. Whom television officer two movie section.",
  "price": 54,
  "author": "Laura Washington",
  "publisher": "Ramirez, Lopez and Zavala",
  "copies": [
    "6_0",
    "6_1",
    "6_2",
    "6_3"
  ]
},
{
  "_id": 8,
  "title": "Implemented bi-directional data-warehouse",
  "description": "Adult staff from daughter above. I black practice next me bit stage. Own individual account state paper check.\nCause threat above stock bring. Unit cultural bank agency cover authority concern.",
  "price": 61,
  "author": "Jonathan Cox",
  "publisher": "Mathis LLC",
  "copies": [
    "8_0",
    "8_1",
    "8_2",
    "8_3",
    "8_4"
  ]
},
{
  "_id": 9,
  "title": "Innovative next generation strategy",
  "description": "Option beyond page upon lawyer matter. Medical herself per manage hard thousand herself. Player enter employee expert plant.",
  "price": 31,
  "author": "Stacey Clark",
  "publisher": "Nelson, Taylor and Baird",
  "copies": [
    "9_0",
    "9_1",
    "9_2",
    "9_3"
  ]
},
{
  "_id": 15,
  "title": "Visionary content-based productivity",
  "description": "Themselves college range friend. Garden service time parent quickly billion civil bad.",
  "price": 54,
  "author": "Eric Evans",
  "publisher": "Bowers-White",
  "copies": [
    "15_0",
    "15_1"
  ]
},
{
  "_id": 20,
  "title": "Face-to-face zero-defect knowledgebase",
  "description": "Himself dream floor time carry. Quite loss remember two treatment oil. Pattern father away.\nRecord project north successful both. Go hold skin pressure.",
  "price": 57,
  "author": "Ashlee Jones",
  "publisher": "Myers, Gould and Bowman",
  "copies": [
    "20_0",
    "20_1",
    "20_2",
    "20_3",
    "20_4"
  ]
},
{
  "_id": 21,
  "title": "Self-enabling solution-oriented service-desk",
  "description": "No race sense population. Him budget know.\nSuccessful care conference knowledge find.\nArrive generation enjoy. Tell look tree face term. Case dream happy lay and above.",
  "price": 70,
  "author": "Sarah Townsend",
  "publisher": "Campbell LLC",
  "copies": [
    "21_0",
    "21_1",
    "21_2",
    "21_3"
  ]
},
{
  "_id": 22,
  "title": "Diverse incremental open system",
  "description": "Them service put population those. Adult effect third.\nMonth figure choice against. Western name industry focus past environmental. West hold political population large.",
  "price": 98,
  "author": "Maria Jones",
  "publisher": "Cook Ltd",
  "copies": [
    "22_0",
    "22_1",
    "22_2",
    "22_3",
    "22_4"
  ]
},
{
  "_id": 23,
  "title": "Self-enabling even-keeled open architecture",
  "description": "Set toward race success. Have why treat.\nNational series against these film despite job. Board open enter blood friend hand radio. Education arrive analysis born.",
  "price": 93,
  "author": "Damon Watson",
  "publisher": "Mendez, Guzman and Davis",
  "copies": [
    "23_0",
    "23_1",
    "23_2",
    "23_3",
    {},
    {},
    {}
  ]
},
{
  "_id": 27,
  "title": "Organized web-enabled function",
  "description": "Without able office live else. Education source growth little wall. Truth guy plan.",
  "price": 59,
  "author": "Mary Bowers",
  "publisher": "Jenkins, Perez and Key",
  "copies": [
    "27_0",
    "27_1"
  ]
},
{
  "_id": 4,
  "title": "Synergized context-sensitive adapter",
  "description": "That authority officer. Later American fact both woman role smile shake. Himself everyone science suddenly. Rather research these specific.",
  "price": 51,
  "author": "Victor Underwood",
  "publisher": "Barnes LLC",
  "copies": [
    "4_0",
    "4_1",
    "4_2",
    "4_3",
    "4_4",
    {}
  ]
},
{
  "_id": 1,
  "title": "Organized leadingedge product",
  "description": "Everyone dark Mrs. Thank skin pull forward send note shake. Central sound within cold ever.\nHalf effect same glass yard all. Guy lose them maintain western truth even security.",
  "price": 82,
  "author": "Amy Smith",
  "publisher": "Nichols-Simon",
  "copies": [
    "1_0"
  ]
},
{
  "_id": 25,
  "title": "Implemented human-resource Internet solution",
  "description": "Republican hospital support their painting for. Important vote bad city himself choose deal lead. Remain including us.",
  "price": 98,
  "author": "Zachary Wilson",
  "publisher": "Sampson Group",
  "copies": [
    "25_0",
    "25_1",
    "25_2",
    "25_3"
  ]
},
{
  "_id": 2,
  "title": "User-centric tangible methodology",
  "description": "Cup bring outside off not wife usually. To such citizen me age pass would.\nMuch member ask. Us house ago any. Truth describe factor determine nearly.",
  "price": 51,
  "author": "Joshua Alvarez",
  "publisher": "Gonzalez-Coffey",
  "copies": [
    "2_0",
    "2_1",
    "2_2",
    "2_3",
    {}
  ]
},
{
  "_id": 3,
  "title": "Exclusive foreground protocol",
  "description": "Story address huge there we. Light seem professor career soldier. Station alone seven Mrs. Source world generation age address something of.",
  "price": 35,
  "author": "Louis Davis",
  "publisher": "Yates Inc",
  "copies": [
    "3_0",
    "3_1",
    "3_2"
  ]
},
{
  "_id": 10,
  "title": "Phased systemic forecast",
  "description": "Exactly section interest participant soldier history area. Camera cup read clear federal understand good. Focus be response animal raise size record.",
  "price": 48,
  "author": "Crystal Baker",
  "publisher": "Dickerson-Russell",
  "copies": [
    "10_0",
    "10_1",
    "10_2"
  ]
},
{
  "_id": 14,
  "title": "Exclusive interactive archive",
  "description": "About recent focus miss scientist body lawyer. Issue trouble you ever. Actually east just during against drop democratic eat.",
  "price": 60,
  "author": "Mr. Anthony Sanchez",
  "publisher": "Anderson, Black and Harmon",
  "copies": [
    "14_0",
    "14_1",
    "14_2",
    "14_3",
    "14_4"
  ]
},
{
  "_id": 17,
  "title": "Sharable next generation archive",
  "description": "Real man south degree. Foot both firm hair or shake.\nSouthern sing result off rock. Pattern game example trial fund. Here traditional what buy.",
  "price": 52,
  "author": "Lori Hobbs",
  "publisher": "Jones, Ellis and House",
  "copies": [
    "17_0",
    "17_1",
    "17_2",
    "17_3"
  ]
},
{
  "_id": 28,
  "title": "Synergistic contextually-based application",
  "description": "Physical military art discover us. Send item go majority senior may executive.",
  "price": 62,
  "author": "Raymond Vaughan",
  "publisher": "Lewis-Johnson",
  "copies": [
    "28_0",
    "28_1",
    "28_2",
    "28_3",
    "28_4"
  ]
},
{
  "_id": 29,
  "title": "Phased heuristic leverage",
  "description": "Nice heavy word imagine.\nDown analysis play your smile. Difference world society.\nClass impact would. Over rest kid.\nAbout end across. Sing dark stock at follow memory. Onto company expect.",
  "price": 88,
  "author": "Richard Burch",
  "publisher": "Roy-Daniels",
  "copies": [
    "29_0",
    "29_1",
    "29_2"
  ]
},
{
  "_id": 0,
  "title": "Reputation",
  "description": "An Album",
  "price": 60,
  "author": "Taylor Swift",
  "publisher": "TS",
  "copies": [
    "0_0",
    "0_1",
    "0_2",
    "0_3"
  ]
},
{
  "_id": 12,
  "title": "Managed mobile budgetary management",
  "description": "About result character image network. Song big cost help. So personal address. Personal his mouth daughter himself idea.\nDemocrat apply effect evening see.",
  "price": 38,
  "author": "Thomas Dyer",
  "publisher": "Owen-Smith",
  "copies": [
    "12_0",
    "12_1"
  ]
},
{
  "_id": 16,
  "title": "Focused even-keeled algorithm",
  "description": "Western citizen power player design. Mean along section road.\nFilm wall local difficult far adult. Significant character focus including teacher put.\nOfficial create floor dark return mouth.",
  "price": 40,
  "author": "Nichole Baker",
  "publisher": "Leach Group",
  "copies": [
    "16_0",
    "16_1",
    "16_2"
  ]
},
{
  "_id": 7,
  "title": "Implemented client-server superstructure",
  "description": "Physical history school now. Magazine vote cup number. Machine yard add shoulder. Such learn keep both audience.",
  "price": 16,
  "author": "Erik Tate",
  "publisher": "Hansen-Garcia",
  "copies": [
    "7_0",
    "7_1",
    "7_2",
    "7_3"
  ]
},
{
  "_id": 11,
  "title": "Programmable actuating hierarchy",
  "description": "Field kind put here sea someone room.\nProperty particularly yourself reality. This across month notice attack early contain. Full offer culture work nearly them.",
  "price": 40,
  "author": "Hector Miller",
  "publisher": "Richard and Sons",
  "copies": [
    "11_0",
    "11_1",
    "11_2",
    "11_3"
  ]
},
{
  "_id": 13,
  "title": "Polarized cohesive throughput",
  "description": "Show sea participant cold try. Miss past media they recently. Follow friend use apply catch something.",
  "price": 26,
  "author": "Olivia King",
  "publisher": "Robinson PLC",
  "copies": [
    "13_0",
    "13_1",
    "13_2"
  ]
},
{
  "_id": 2344,
  "title": "Midnights",
  "description": "An album by TS",
  "price": 300,
  "author": "TS",
  "publisher": "Tay",
  "copies": [
    "3"
  ],
  "__v": 0
},
{
  "_id": 3000,
  "title": "Perfect",
  "description": "A Song",
  "price": 200,
  "author": "One Direction",
  "publisher": "one D",
  "copies": [
    " 3000_2",
    " 3000_3",
    {},
    {},
    {},
    {},
    {},
    {},
    {},
    {},
    {},
    {}
  ],
  "__v": 1
},
{
  "_id": 1500,
  "title": "New World",
  "description": "New World Book",
  "price": 60,
  "author": "Aldous",
  "publisher": "Hu",
  "copies": [
    " 1500_2",
    " 1500_3",
    " 1500_4",
    " 1500_5",
    {}
  ],
  "__v": 1
},
{
  "_id": 333,
  "title": "Eras Tour _",
  "description": "Tour by Taylor Swift",
  "price": 100,
  "author": "Taylor Swift",
  "publisher": "TS",
  "copies": [
    " 333_2",
    " 333_3",
    " 333_4",
    " 333_5",
    " 333_6",
    {},
    {}
  ],
  "__v": 1
}]